{
    "0": 17.638135194778442,
    "1": 12.948429584503174,
    "2": 12.42540192604065,
    "3": 11.955585718154907,
    "4": 12.771781921386719,
    "5": 12.675583124160767,
    "6": 12.483083486557007,
    "7": 11.93249773979187,
    "8": 15.11410140991211,
    "9": 11.92850637435913,
    "promedio": 13.190210676193237,
    "total": 131.90210676193237
}