{
    "0": 0.346315860748291,
    "1": 0.44031620025634766,
    "2": 0.49372100830078125,
    "3": 0.38706040382385254,
    "4": 0.34421300888061523,
    "5": 0.4880344867706299,
    "6": 0.3191993236541748,
    "7": 0.3868427276611328,
    "8": 0.38214850425720215,
    "9": 0.35590028762817383,
    "promedio": 0.39526710510253904,
    "total": 3.9526710510253906
}