{
    "0": 0.15406131744384766,
    "1": 0.15510892868041992,
    "2": 0.15178728103637695,
    "3": 0.15297794342041016,
    "4": 0.14726614952087402,
    "5": 0.14649558067321777,
    "6": 0.1470792293548584,
    "7": 0.14248871803283691,
    "8": 0.14653277397155762,
    "9": 0.14539694786071777,
    "promedio": 0.14932119846343994,
    "total": 1.4932119846343994
}