{
    "0": 0.0019981861114501953,
    "1": 0.002000093460083008,
    "2": 0.003820657730102539,
    "3": 0.001998424530029297,
    "4": 0.0019991397857666016,
    "5": 0.002081155776977539,
    "6": 0.0029680728912353516,
    "7": 0.002571582794189453,
    "8": 0.002037525177001953,
    "9": 0.0019996166229248047,
    "promedio": 0.003530073165893555,
    "total": 0.03530073165893555
}