{
    "0": 21.746129989624023,
    "1": 22.15860915184021,
    "2": 22.863683938980103,
    "3": 22.286661863327026,
    "4": 22.841394186019897,
    "5": 22.57597804069519,
    "6": 22.77326536178589,
    "7": 22.5079984664917,
    "8": 22.394426584243774,
    "9": 21.912612915039062,
    "10": 21.34818196296692,
    "11": 22.057229042053223,
    "12": 21.763514041900635,
    "13": 21.335631847381592,
    "14": 22.951848030090332,
    "15": 21.74159264564514,
    "16": 22.712510585784912,
    "17": 23.10930299758911,
    "18": 23.46608591079712,
    "19": 22.88338327407837,
    "20": 21.82635736465454,
    "21": 22.16729235649109,
    "22": 22.610498905181885,
    "23": 22.08922243118286,
    "24": 23.25806188583374,
    "25": 22.371780157089233,
    "26": 21.21321129798889,
    "27": 23.867734909057617,
    "28": 22.282963514328003,
    "29": 22.669372081756592
}