{
    "0": 1.583074177519023,
    "1": 1.532771065747543,
    "2": 1.5586280039125475,
    "3": 1.5420356744114516,
    "4": 1.5861609673229886,
    "5": 1.5463042367704842,
    "6": 1.5946888019050904,
    "7": 1.5582543266032935,
    "8": 1.589940201937688,
    "9": 1.5772409902066291,
    "10": 1.590320678690402,
    "11": 1.5527569077054442,
    "12": 1.541829386684649,
    "13": 1.5226419633644128,
    "14": 1.5572078877532718,
    "15": 1.5509984450117729,
    "16": 1.5330271108261093,
    "17": 1.5394349581162698,
    "18": 1.5360995796540542,
    "19": 1.5761534812352513,
    "20": 1.5592262642593517,
    "21": 1.523748255404281,
    "22": 1.5832327496675247,
    "23": 1.5470192920906674,
    "24": 1.5509442137482883,
    "25": 1.529876201812322,
    "26": 1.5532350181290897,
    "27": 1.5303103054039193,
    "28": 1.5330573823604339,
    "29": 1.5598238846648584,
    "30": 1.5050000800005825,
    "31": 1.5294900469316426,
    "32": 1.5385893692354322,
    "33": 1.4675270478864448,
    "34": 1.4727869322088396,
    "35": 1.4632442125345462,
    "36": 1.4651475633110849,
    "37": 1.4474355969242356,
    "38": 1.4567620332198674,
    "39": 1.4743811918757226,
    "40": 1.4588123062199227,
    "41": 1.4598212219604256,
    "42": 1.4741469012342394,
    "43": 1.4536988953796748,
    "44": 1.4581402611803376
}