{
    "0": 9.759599208831787,
    "1": 12.473034143447876,
    "2": 11.622443914413452,
    "3": 12.65782642364502,
    "4": 8.463331937789917,
    "5": 8.240606307983398,
    "6": 8.553598403930664,
    "7": 8.826150894165039,
    "8": 8.25870132446289,
    "9": 8.399424314498901,
    "10": 8.38845705986023,
    "11": 8.267481088638306,
    "12": 8.127594232559204,
    "13": 9.271160364151001,
    "14": 8.826287984848022,
    "15": 8.907719373703003,
    "16": 8.610370874404907,
    "17": 10.996963739395142,
    "18": 8.790897607803345,
    "19": 8.551706790924072,
    "20": 8.315753936767578,
    "21": 8.601174354553223,
    "22": 9.178993940353394,
    "23": 13.186273574829102,
    "24": 10.191911458969116,
    "25": 9.722841024398804,
    "26": 8.817609310150146,
    "27": 8.564257144927979,
    "28": 9.200876712799072,
    "29": 8.878070592880249
}