{
    "0": 35.524885503701036,
    "1": 35.45736256803712,
    "2": 36.13805545069407,
    "3": 35.7943971035402,
    "4": 35.67521508562913,
    "5": 35.25358775856633,
    "6": 36.108270084366204,
    "7": 35.83541731858307,
    "8": 36.39603568545009,
    "9": 35.73750132893589,
    "10": 36.20272627622732,
    "11": 36.24915205112686,
    "12": 35.38515162115722,
    "13": 35.55211614037603,
    "14": 35.904736155815954,
    "15": 35.685318711814524,
    "16": 35.455426622423424,
    "17": 35.885227629198205,
    "18": 35.62473499850266,
    "19": 35.84674180883432,
    "20": 36.10981603880302,
    "21": 35.33990018541566,
    "22": 36.35050753886865,
    "23": 35.89696150937912,
    "24": 35.57797885548395,
    "25": 35.20213732239365,
    "26": 35.5027518260715,
    "27": 35.07609191088694,
    "28": 35.58363286038295,
    "29": 36.02961458754586,
    "30": 35.058709017239,
    "31": 35.33262345501193,
    "32": 35.579196675635465,
    "33": 92.48087851628878,
    "34": 92.8304873018075,
    "35": 92.74930170126262,
    "36": 92.81372421134067,
    "37": 92.39906008640922,
    "38": 92.61264079382278,
    "39": 92.79410151643583,
    "40": 92.85134447830072,
    "41": 92.51114643611001,
    "42": 93.06513908408924,
    "43": 92.74671766401552,
    "44": 92.64201984815142
}