{
    "0": 1.6556497272937205,
    "1": 2.1004863288274964,
    "2": 2.242874744571807,
    "3": 1.4302439185351281,
    "4": 2.683687288445748,
    "5": 1.8714261092464397,
    "6": 1.773708611576303,
    "7": 1.837523928537319,
    "8": 2.020740190898795,
    "9": 2.1049326444716048,
    "10": 1.6259448569382113,
    "11": 1.9284319320484118,
    "12": 1.5069894926837786,
    "13": 2.3886378155171366,
    "14": 2.1314218060813266,
    "15": 2.191079973184085,
    "16": 1.6351792527630538,
    "17": 2.3167381711385655,
    "18": 2.1757274434755454,
    "19": 1.7369908264287044,
    "20": 2.0273014268721363,
    "21": 2.3668278548083164,
    "22": 2.2646041064162175,
    "23": 1.8210805443743208,
    "24": 1.7989866396955,
    "25": 1.8244174116475103,
    "26": 2.120314329245936,
    "27": 1.8948658086555015,
    "28": 1.3723301211309669,
    "29": 1.9706160058538613,
    "30": 2.032580724040638,
    "31": 2.184418919729348,
    "32": 2.103618426612372,
    "33": 0.39479752808785085,
    "34": 0.6045873535920381,
    "35": 0.382495802873394,
    "36": 0.4578841614883754,
    "37": 0.4283232705519646,
    "38": 0.5809495225156498,
    "39": 0.6274084281783436,
    "40": 0.5895360667222169,
    "41": 0.43634724299771227,
    "42": 0.8348369486974027,
    "43": 0.5901400488469539,
    "44": 0.5444223205022769
}