{
    "0": 2.2786470830640146,
    "1": 2.212746759050378,
    "2": 2.8348186381504235,
    "3": 1.944879970850886,
    "4": 3.0909090587351384,
    "5": 2.557423787947156,
    "6": 2.537657694331279,
    "7": 2.2410132274850336,
    "8": 2.3447261140694335,
    "9": 2.534281706297862,
    "10": 2.542849696779916,
    "11": 1.9643749437419917,
    "12": 2.204638280490992,
    "13": 2.356637613714301,
    "14": 2.4653360891699476,
    "15": 2.277734455934861,
    "16": 2.632243473855483,
    "17": 2.9017063420285423,
    "18": 2.6646426776229335,
    "19": 2.2173438521271702,
    "20": 2.199920918996445,
    "21": 2.461398169271205,
    "22": 3.0840513253397894,
    "23": 2.68942299413067,
    "24": 2.5144196355723434,
    "25": 2.3767825083327456,
    "26": 2.578003330533455,
    "27": 2.461253200001046,
    "28": 2.0837458591081233,
    "29": 2.305957183858573,
    "30": 2.626928551944201,
    "31": 2.5606288174582468,
    "32": 2.9105856678653743,
    "33": 1.7303761778768698,
    "34": 1.9082775804912309,
    "35": 1.6022224472603654,
    "36": 1.2928132941424153,
    "37": 1.1487255706313757,
    "38": 1.2888032209691707,
    "39": 1.7258858661478342,
    "40": 1.4743603857664982,
    "41": 1.441746265704008,
    "42": 1.5133921209813985,
    "43": 1.6248177839430327,
    "44": 1.0198145151934248
}