{
    "0": 2.7418959007759103,
    "1": 2.6625980447736475,
    "2": 3.4111371002375734,
    "3": 2.3402739543179236,
    "4": 3.7192906882363856,
    "5": 3.077347893334182,
    "6": 3.0535633540509557,
    "7": 2.696611084575379,
    "8": 2.821408794890859,
    "9": 3.0495010278492765,
    "10": 3.0598108902914345,
    "11": 2.3637322540490033,
    "12": 2.6528411130009504,
    "13": 2.8357419017116237,
    "14": 2.966538770822047,
    "15": 2.7407977366051712,
    "16": 3.1673784169787225,
    "17": 3.4916230703725875,
    "18": 3.206364376962887,
    "19": 2.668129726602055,
    "20": 2.647164712192544,
    "21": 2.9618002720399588,
    "22": 3.711038778045875,
    "23": 3.2361825303564067,
    "24": 3.025600999315684,
    "25": 2.859982252218898,
    "26": 3.1021112557155703,
    "27": 2.9616258305256995,
    "28": 2.507371269474833,
    "29": 2.7747581434526967,
    "30": 3.1609829717560647,
    "31": 3.0812045051560153,
    "32": 3.502307562628818,
    "33": 2.0821615528724635,
    "34": 2.296230300155044,
    "35": 1.9279541763734094,
    "36": 1.5556421606592918,
    "37": 1.3822614114491838,
    "38": 1.5508168398462194,
    "39": 2.0767583610335256,
    "40": 1.7740977653124252,
    "41": 1.734853196563107,
    "42": 1.8210646499964709,
    "43": 1.955143143672182,
    "44": 1.227142746037118
}