{
    "0": 1.992243219289193,
    "1": 2.527515075701684,
    "2": 2.6988510479762207,
    "3": 1.7210124228926003,
    "4": 3.2292807560437136,
    "5": 2.251886926977748,
    "6": 2.134303467789519,
    "7": 2.2110924349282395,
    "8": 2.431556552631321,
    "9": 2.5328653270542048,
    "10": 1.9564993505408528,
    "11": 2.3204820301961355,
    "12": 1.8133603677432555,
    "13": 2.874247742655262,
    "14": 2.5647397336582625,
    "15": 2.636526402617492,
    "16": 1.9676110984927155,
    "17": 2.7877309048114003,
    "18": 2.618052704523906,
    "19": 2.090120959085104,
    "20": 2.439451687491397,
    "21": 2.8480038182195577,
    "22": 2.72499798780313,
    "23": 2.1913061117338586,
    "24": 2.164720517535776,
    "25": 2.195321363927061,
    "26": 2.5513741074367604,
    "27": 2.2800919158954094,
    "28": 1.6513247538888736,
    "29": 2.3712421237204353,
    "30": 2.4458042654631558,
    "31": 2.628511157387926,
    "32": 2.531283928781653,
    "33": 0.47505984228367426,
    "34": 0.7274999269504613,
    "35": 0.4602571770580193,
    "36": 0.5509719845369829,
    "37": 0.515401366215154,
    "38": 0.6990565262091715,
    "39": 0.7549605246553655,
    "40": 0.709388714346949,
    "41": 0.5250566117862911,
    "42": 1.0045592511727175,
    "43": 0.7101154860020527,
    "44": 0.6551033461789265
}