{
    "0": 6.3235816205065545,
    "1": 9.333954869612317,
    "2": 11.330841218449567,
    "3": 9.858045540552105,
    "4": 11.57270676235536,
    "5": 11.72285538953901,
    "6": 15.359098802695891,
    "7": 9.931392308191311,
    "8": 14.036562966910955,
    "9": 10.39217245811488,
    "10": 8.591082865564925,
    "11": 10.115296493338965,
    "12": 12.654194068079935,
    "13": 7.823648739521872,
    "14": 17.801067729580137,
    "15": 8.54946993527685,
    "16": 10.801540621542433,
    "17": 19.33198482446645,
    "18": 27.451468121415267,
    "19": 10.489018512874363,
    "20": 11.292134552144683,
    "21": 8.341144716105546,
    "22": 13.59621163732526,
    "23": 12.004789909160754,
    "24": 10.777201060166814,
    "25": 11.549824320156276,
    "26": 7.847639953575903,
    "27": 11.34089612666693,
    "28": 8.849177412577673,
    "29": 16.434784908604087
}