{
    "0": [
        34.9367178337376,
        36.11305317366447
    ],
    "1": [
        34.7125855147327,
        36.20213962134154
    ],
    "2": [
        35.327524131811096,
        36.94858676957704
    ],
    "3": [
        35.2824499157905,
        36.306344291289896
    ],
    "4": [
        34.71780387325042,
        36.632626298007835
    ],
    "5": [
        34.593842912806416,
        35.91333260432625
    ],
    "6": [
        35.46781458838857,
        36.74872558034384
    ],
    "7": [
        35.1769329504629,
        36.49390168670324
    ],
    "8": [
        35.66056636446033,
        37.131505006439845
    ],
    "9": [
        34.98525099714465,
        36.48975166072714
    ],
    "10": [
        35.61408991026758,
        36.79136264218705
    ],
    "11": [
        35.55011182787615,
        36.948192274377575
    ],
    "12": [
        34.85190110425616,
        35.91840213805828
    ],
    "13": [
        34.702904850030436,
        36.40132743072162
    ],
    "14": [
        35.139454779974926,
        36.67001753165698
    ],
    "15": [
        34.90342484015304,
        36.467212583476005
    ],
    "16": [
        34.87566684231493,
        36.03518640253192
    ],
    "17": [
        35.05386086291261,
        36.7165943954838
    ],
    "18": [
        34.8496378624748,
        36.39983213453052
    ],
    "19": [
        35.22408719204128,
        36.46939642562735
    ],
    "20": [
        35.37776122300746,
        36.841870854598575
    ],
    "21": [
        34.503465583965784,
        36.17633478686553
    ],
    "22": [
        35.52731245244029,
        37.173702625297004
    ],
    "23": [
        35.243248927310276,
        36.55067409144796
    ],
    "24": [
        34.9379357692001,
        36.218021941767795
    ],
    "25": [
        34.55990339981183,
        35.84437124497546
    ],
    "26": [
        34.749981891826685,
        36.25552176031632
    ],
    "27": [
        34.41144703825496,
        35.74073678351891
    ],
    "28": [
        35.09530794844726,
        36.07195777231864
    ],
    "29": [
        35.31960923563622,
        36.739619939455494
    ],
    "30": [
        34.34611245565711,
        35.7713055788209
    ],
    "31": [
        34.56081094342392,
        36.10443596659994
    ],
    "32": [
        34.83074613832614,
        36.32764721294479
    ],
    "33": [
        92.11576629395255,
        92.84599073862502
    ],
    "34": [
        92.2692459153029,
        93.39172868831209
    ],
    "35": [
        92.39453951506091,
        93.10406388746433
    ],
    "36": [
        92.38874486848944,
        93.2387035541919
    ],
    "37": [
        92.00329341028784,
        92.7948267625306
    ],
    "38": [
        92.07460809934193,
        93.15067348830362
    ],
    "39": [
        92.21190350266934,
        93.37629953020232
    ],
    "40": [
        92.30395231416465,
        93.39873664243679
    ],
    "41": [
        92.10747659917047,
        92.91481627304955
    ],
    "42": [
        92.28819691665863,
        93.84208125151984
    ],
    "43": [
        92.19938213908915,
        93.29405318894189
    ],
    "44": [
        92.13765601393393,
        93.1463836823689
    ]
}