{
    "0": [
        1.5396679315393869,
        1.626480423498659
    ],
    "1": [
        1.4919595333200928,
        1.5735825981749934
    ],
    "2": [
        1.5054610658163943,
        1.6117949420087008
    ],
    "3": [
        1.5059478151569097,
        1.5781235336659936
    ],
    "4": [
        1.5271670301649045,
        1.6451549044810727
    ],
    "5": [
        1.4987190759156905,
        1.593889397625278
    ],
    "6": [
        1.5459939690389624,
        1.6433836347712185
    ],
    "7": [
        1.5162342677062337,
        1.6002743855003534
    ],
    "8": [
        1.5450814892467126,
        1.6347989146286634
    ],
    "9": [
        1.5291430099986179,
        1.6253389704146404
    ],
    "10": [
        1.5416598733732765,
        1.6389814840075276
    ],
    "11": [
        1.5160538918510367,
        1.5894599235598517
    ],
    "12": [
        1.5009271028223483,
        1.5827316705469499
    ],
    "13": [
        1.4794637671962436,
        1.565820159532582
    ],
    "14": [
        1.511012712020772,
        1.6034030634857717
    ],
    "15": [
        1.5084887147361088,
        1.593508175287437
    ],
    "16": [
        1.4844703409913707,
        1.581583880660848
    ],
    "17": [
        1.4856836919653016,
        1.593186224267238
    ],
    "18": [
        1.48684662993735,
        1.5853525293707584
    ],
    "19": [
        1.5340996616655405,
        1.6182073008049622
    ],
    "20": [
        1.51795097680864,
        1.6005015517100634
    ],
    "21": [
        1.4786178754305128,
        1.568878635378049
    ],
    "22": [
        1.5244783683806409,
        1.6419871309544085
    ],
    "23": [
        1.4969549240187858,
        1.5970836601625489
    ],
    "24": [
        1.5040188301182913,
        1.5978695973782853
    ],
    "25": [
        1.486122013959569,
        1.573630389665075
    ],
    "26": [
        1.5050519398039914,
        1.601418096454188
    ],
    "27": [
        1.4849882401118801,
        1.5756323706959585
    ],
    "28": [
        1.4946179420105654,
        1.5714968227103023
    ],
    "29": [
        1.5165425444016,
        1.6031052249281168
    ],
    "30": [
        1.457427283746849,
        1.552572876254316
    ],
    "31": [
        1.482363330699672,
        1.5766167631636132
    ],
    "32": [
        1.4847032373988966,
        1.5924755010719678
    ],
    "33": [
        1.436970763917349,
        1.4980833318555407
    ],
    "34": [
        1.4389683524147363,
        1.506605512002943
    ],
    "35": [
        1.4350335346284442,
        1.4914548904406482
    ],
    "36": [
        1.4423551101003453,
        1.4879400165218244
    ],
    "37": [
        1.4274282532123728,
        1.4674429406360985
    ],
    "38": [
        1.4341703222922075,
        1.4793537441475273
    ],
    "39": [
        1.4437618571999378,
        1.5050005265515074
    ],
    "40": [
        1.4329315496951724,
        1.484693062744673
    ],
    "41": [
        1.4344954668271386,
        1.4851469770937127
    ],
    "42": [
        1.4473017331268443,
        1.5009920693416345
    ],
    "43": [
        1.4252770010970208,
        1.4821207896623287
    ],
    "44": [
        1.4402467987382164,
        1.4760337236224588
    ]
}