{
    "0": [
        34.8171433810933,
        36.23262762630877
    ],
    "1": [
        34.561172383683775,
        36.35355275239046
    ],
    "2": [
        35.162743162444784,
        37.11336773894335
    ],
    "3": [
        35.17837108268876,
        36.410423124391635
    ],
    "4": [
        34.5231622301917,
        36.82726794106655
    ],
    "5": [
        34.45971682454055,
        36.047458692592116
    ],
    "6": [
        35.33761002379677,
        36.87893014493564
    ],
    "7": [
        35.043063117226914,
        36.62777151993922
    ],
    "8": [
        35.51104549484249,
        37.28102587605768
    ],
    "9": [
        34.83231854901974,
        36.642684108852045
    ],
    "10": [
        35.49442017175485,
        36.91103238069979
    ],
    "11": [
        35.40799699168199,
        37.090307110571736
    ],
    "12": [
        34.743491305593295,
        36.026811936721145
    ],
    "13": [
        34.530260244745094,
        36.573972036006964
    ],
    "14": [
        34.98387312136258,
        36.82559919026933
    ],
    "15": [
        34.744465862119334,
        36.626171561509715
    ],
    "16": [
        34.75780171318268,
        36.15305153166417
    ],
    "17": [
        34.88484404831713,
        36.88561121007928
    ],
    "18": [
        34.69206066039489,
        36.557409336610434
    ],
    "19": [
        35.09750154513875,
        36.595982072529885
    ],
    "20": [
        35.2289345220944,
        36.99069755551164
    ],
    "21": [
        34.33341847878004,
        36.34638189205128
    ],
    "22": [
        35.35995693987825,
        37.341058137859044
    ],
    "23": [
        35.11034919789734,
        36.68357382086089
    ],
    "24": [
        34.80781504747475,
        36.34814266349315
    ],
    "25": [
        34.4293372811962,
        35.974937363591096
    ],
    "26": [
        34.59694380855358,
        36.40855984358942
    ],
    "27": [
        34.27632477481476,
        35.875859046959114
    ],
    "28": [
        34.99603152262651,
        36.17123419813939
    ],
    "29": [
        35.17526518943185,
        36.88396398565987
    ],
    "30": [
        34.201241616679056,
        35.91617641779895
    ],
    "31": [
        34.403901505299075,
        36.26134540472478
    ],
    "32": [
        34.67858618819549,
        36.47980716307544
    ],
    "33": [
        92.04153900066675,
        92.92021803191082
    ],
    "34": [
        92.15514557449909,
        93.5058290291159
    ],
    "35": [
        92.32241638351137,
        93.17618701901388
    ],
    "36": [
        92.30234659313076,
        93.32510182955058
    ],
    "37": [
        91.92283406835391,
        92.87528610446454
    ],
    "38": [
        91.9652260842589,
        93.26005550338665
    ],
    "39": [
        92.09354268077811,
        93.49466035209355
    ],
    "40": [
        92.19266751945224,
        93.51002143714919
    ],
    "41": [
        92.02541054510792,
        92.9968823271121
    ],
    "42": [
        92.13024461980326,
        94.00003354837521
    ],
    "43": [
        92.08810885912474,
        93.4053264689063
    ],
    "44": [
        92.03511887615844,
        93.2489208201444
    ]
}