{
    "0": [
        1.547001503950246,
        1.6191468510877998
    ],
    "1": [
        1.4988547236665524,
        1.5666874078285338
    ],
    "2": [
        1.5144437267582027,
        1.6028122810668923
    ],
    "3": [
        1.512044931436448,
        1.5720264173864553
    ],
    "4": [
        1.5371341742978815,
        1.6351877603480958
    ],
    "5": [
        1.5067586843852812,
        1.5858497891556873
    ],
    "6": [
        1.5542210588229066,
        1.6351565449872743
    ],
    "7": [
        1.523333641026256,
        1.5931750121803312
    ],
    "8": [
        1.5526604588247668,
        1.6272199450506093
    ],
    "9": [
        1.5372692603275913,
        1.617212720085667
    ],
    "10": [
        1.5498812141344949,
        1.6307601432463092
    ],
    "11": [
        1.5222549400732555,
        1.5832588753376329
    ],
    "12": [
        1.5078376258059398,
        1.5758211475633583
    ],
    "13": [
        1.4867588101335691,
        1.5585251165952565
    ],
    "14": [
        1.5188174797130893,
        1.5955982957934542
    ],
    "15": [
        1.5156708190187258,
        1.58632607100482
    ],
    "16": [
        1.4926741047489538,
        1.5733801169032648
    ],
    "17": [
        1.4947650763052056,
        1.584104839927334
    ],
    "18": [
        1.4951680146838058,
        1.5770311446243026
    ],
    "19": [
        1.5412047389189931,
        1.6111022235515096
    ],
    "20": [
        1.5249245194974235,
        1.59352800902128
    ],
    "21": [
        1.486242743741458,
        1.5612537670671038
    ],
    "22": [
        1.5344050390681898,
        1.6320604602668596
    ],
    "23": [
        1.5054133995255434,
        1.5886251846557913
    ],
    "24": [
        1.5119469679010282,
        1.5899414595955483
    ],
    "25": [
        1.4935143718485013,
        1.5662380317761426
    ],
    "26": [
        1.5131925676307099,
        1.5932774686274696
    ],
    "27": [
        1.4926454940422196,
        1.567975116765619
    ],
    "28": [
        1.501112362637747,
        1.5650024020831208
    ],
    "29": [
        1.5238550137408873,
        1.5957927555888296
    ],
    "30": [
        1.4654648031922641,
        1.5445353568089009
    ],
    "31": [
        1.4903254840297553,
        1.56865460983353
    ],
    "32": [
        1.4938074075671655,
        1.583371330903699
    ],
    "33": [
        1.442133309445918,
        1.4929207863269716
    ],
    "34": [
        1.4446820693730937,
        1.5008917950445855
    ],
    "35": [
        1.4397997853030795,
        1.4866886397660128
    ],
    "36": [
        1.4462059408337955,
        1.4840891857883742
    ],
    "37": [
        1.430808534103946,
        1.4640626597445252
    ],
    "38": [
        1.4379872372138738,
        1.475536829225861
    ],
    "39": [
        1.4489350552719975,
        1.4998273284794477
    ],
    "40": [
        1.4373041554743295,
        1.480320456965516
    ],
    "41": [
        1.4387743040068566,
        1.4808681399139947
    ],
    "42": [
        1.451837278179269,
        1.4964565242892098
    ],
    "43": [
        1.4300789372025624,
        1.4773188535567872
    ],
    "44": [
        1.4432699351449412,
        1.473010587215734
    ]
}