{
    "0": 47.94323402565777,
    "1": 48.555701938466,
    "2": 51.190601891210065,
    "3": 50.2843635536646,
    "4": 50.425613516749145,
    "5": 50.631797056040426,
    "6": 50.07939062367018,
    "7": 49.32189994709889,
    "8": 50.863511882030835,
    "9": 49.73579912661973,
    "10": 48.5120169571971,
    "11": 49.43387872492847,
    "12": 49.54713427929311,
    "13": 47.72972819824608,
    "14": 51.94341588057536,
    "15": 49.87489818732487,
    "16": 49.92266950528115,
    "17": 51.97098150319833,
    "18": 52.84852967055666,
    "19": 50.306744521861134,
    "20": 48.52890600140896,
    "21": 50.745450651126994,
    "22": 50.83571347710709,
    "23": 49.43465198387856,
    "24": 50.989593286653495,
    "25": 50.0232643072126,
    "26": 48.16983309752215,
    "27": 51.783003128485376,
    "28": 50.092593984951705,
    "29": 50.70163110410607
}