{
    "0": 0.11642791410217743,
    "1": 0.10946815336370284,
    "2": 0.14260887026808972,
    "3": 0.09679791658072558,
    "4": 0.15823854131990614,
    "5": 0.12763695397983485,
    "6": 0.13061341035613272,
    "7": 0.11270976555149542,
    "8": 0.12032384349407707,
    "9": 0.12901248153949457,
    "10": 0.13052213877843813,
    "11": 0.09844794178221711,
    "12": 0.10971157455857813,
    "13": 0.11581621955773437,
    "14": 0.12390861800492384,
    "15": 0.11402320365054634,
    "16": 0.13024308598468523,
    "17": 0.14417620453158286,
    "18": 0.13211043870473382,
    "19": 0.11280032129080704,
    "20": 0.11071207641657523,
    "21": 0.12105253251915862,
    "22": 0.15759598424625723,
    "23": 0.134286893830612,
    "24": 0.12586724355403042,
    "25": 0.11736119330201418,
    "26": 0.1292407389260264,
    "27": 0.12156668713600338,
    "28": 0.10310552682417834,
    "29": 0.11609288139688116,
    "30": 0.12760378859827215,
    "31": 0.1264072749333749,
    "32": 0.14453795271090975,
    "33": 0.08196065623607884,
    "34": 0.09071106276208984,
    "35": 0.0756690727310709,
    "36": 0.061135850952022744,
    "37": 0.05366539405850351,
    "38": 0.060597402976078726,
    "39": 0.08212977618867513,
    "40": 0.06941956000932802,
    "41": 0.06793088820937089,
    "42": 0.07200638654475301,
    "43": 0.07623561520879847,
    "44": 0.0479953624457456
}