{
    "0": 1.8983659424527053,
    "1": 2.4038373153038237,
    "2": 2.6160653324491308,
    "3": 1.6523572361923566,
    "4": 3.0901338705255537,
    "5": 2.1293879447287773,
    "6": 2.067129771509198,
    "7": 2.1253196357333817,
    "8": 2.373795742245722,
    "9": 2.427958017753735,
    "10": 1.8998787024396808,
    "11": 2.256217435933189,
    "12": 1.7211157154272438,
    "13": 2.740908543372718,
    "14": 2.4700169262623524,
    "15": 2.52363530397196,
    "16": 1.8712286947534296,
    "17": 2.6833136797568997,
    "18": 2.5016982066005307,
    "19": 2.0096757757942263,
    "20": 2.362775108671284,
    "21": 2.699670589816976,
    "22": 2.6569388218280796,
    "23": 2.1099182517622426,
    "24": 2.065798680806656,
    "25": 2.0728698090341076,
    "26": 2.4296350830734545,
    "27": 2.1452032378944006,
    "28": 1.576114140594583,
    "29": 2.2916084100783847,
    "30": 2.299971780666022,
    "31": 2.491096775259106,
    "32": 2.415693827113606,
    "33": 1.1784337076865135,
    "34": 1.8114588544138994,
    "35": 1.1450280019594823,
    "36": 1.3716604157533294,
    "37": 1.2773738127314216,
    "38": 1.7365506390244367,
    "39": 1.8790983210053305,
    "40": 1.7667591991685088,
    "41": 1.3028820004491566,
    "42": 2.507653217317017,
    "43": 1.766576390843265,
    "44": 1.6278812562799772
}