{"a": -0.13569763570011228, "b": 2.052547452549743, "c": 0.5003663003652292}