{"TIEMPO_CAJA_NORMAL": 1.5635738831615122, "TIEMPO_CAJA_RAPIDA": 1.4884057971014493, "TIEMPO_COMPRANDO": 22.586666666666666}