{"TIEMPO_CAJA_NORMAL": 0.6395604395604395, "TIEMPO_CAJA_RAPIDA": 0.6718597857838364, "TIEMPO_COMPRANDO": 0.04427390791027155}