{"0": 0.2242152466367713, "1": 0.1075268817204301, "2": 0.07485029940119761, "3": 0.07127583749109052, "4": 0.06289308176100629, "5": 0.05871990604815032, "6": 0.05714285714285714, "7": 0.055248618784530384, "8": 0.05803830528148578, "9": 0.0617283950617284, "10": 0.05952380952380952, "11": 0.05649717514124294, "12": 0.06024096385542168}